,positive_rate_%,negative_rate_%,uncertain_rate_%,missing_rate_%,pos_neg_ratio
Atelectasis,15.148436870698372,0.3253349562789199,15.394563728956154,69.13166444406656,46.56258596973865
Cardiomegaly,13.674808244802247,7.231654598992223,1.7546607476886449,77.33887640851688,1.8909653465346532
Consolidation,6.131691294269272,14.074876265315803,11.915672463327098,67.87775997708782,0.4356479715121455
Edema,23.722601605642122,9.50004922537165,5.467148776973266,61.31020039201296,2.49710301945452
Enlarged Cardiomediastinum,3.382678039219196,10.07867109396676,6.721948250709294,79.81670261610475,0.3356273865553681
Fracture,3.89596441453133,1.757345767960548,0.22106666905335137,94.12562314845478,2.2169595110771585
Lung Lesion,4.192211651197966,0.6036820577995364,0.6967627605588422,94.50734353044365,6.944403261675314
Lung Opacity,46.07047283206988,2.273764666923235,0.14767611495466793,51.50808638605221,20.261759496162174
No Finding,9.513474326731167,0.0,0.0,90.48652567326883,
Pleural Effusion,39.94728410199497,16.239897611226965,3.4072907250449744,40.40552756173309,2.459823642876825
Pleural Other,1.7707708693200634,0.05996545273916818,1.218999203443986,96.95026447449678,29.529850746268657
Pneumonia,2.169048876319016,1.4866062238769902,8.666797934324403,87.67754696547959,1.459060806742926
Pneumothorax,8.000912906892447,26.23757059365798,1.0820631695769303,64.67945332987264,0.3049410721290785
Support Devices,51.86161405518611,1.780168440271724,0.024165182447127478,46.33405232209503,29.132981397687278
