,Enlarged Cardiomediastinum,Cardiomegaly,Lung Opacity,Lung Lesion,Edema,Consolidation,Pneumonia,Atelectasis,Pneumothorax,Pleural Effusion,Pleural Other,Fracture,Support Devices
Enlarged Cardiomediastinum,4130,922,2460,261,1096,212,32,499,120,1849,53,179,2105
Cardiomegaly,922,10971,5989,342,3983,696,127,1551,488,5044,202,458,5859
Lung Opacity,2460,5989,32358,1178,7384,1535,663,4478,3650,16348,846,1564,19514
Lung Lesion,261,342,1178,3490,254,279,74,435,398,1348,243,193,1223
Edema,1096,3983,7384,254,12148,814,129,1983,687,6649,110,388,8999
Consolidation,212,696,1535,279,814,4159,287,577,314,2211,135,144,2451
Pneumonia,32,127,663,74,129,287,915,72,31,301,38,26,333
Atelectasis,499,1551,4478,435,1983,577,72,9136,1337,4558,177,538,5742
Pneumothorax,120,488,3650,398,687,314,31,1337,6391,2930,123,396,4791
Pleural Effusion,1849,5044,16348,1348,6649,2211,301,4558,2930,24511,533,1123,16080
Pleural Other,53,202,846,243,110,135,38,177,123,533,1663,157,562
Fracture,179,458,1564,193,388,144,26,538,396,1123,157,3266,1251
Support Devices,2105,5859,19514,1223,8999,2451,333,5742,4791,16080,562,1251,31710
