label,positive (1.0),negative (0.0),uncertain (-1.0),not_mentioned (NaN),total
Enlarged Cardiomediastinum,4130,12928,6909,199495,223462
Cardiomegaly,10971,11261,1554,199676,223462
Lung Opacity,32358,1488,105,189511,223462
Lung Lesion,3490,329,459,219184,223462
Edema,12148,4443,2687,204184,223462
Consolidation,4159,7083,5938,206282,223462
Pneumonia,915,381,3702,218464,223462
Atelectasis,9136,167,8371,205788,223462
Pneumothorax,6391,18577,702,197792,223462
Pleural Effusion,24511,10586,2281,186084,223462
Pleural Other,1663,13,759,221027,223462
Fracture,3266,2750,148,217298,223462
Support Devices,31710,377,1,191374,223462
No Finding,167933,0,0,55529,223462
