,missing_count,missing_pct
section_technique,212730,95.19739374032274
section_procedure_comments,197793,88.51303577342009
section_history,185270,82.90895096257977
section_findings,163993,73.3874215750329
section_end_of_impression,149724,67.00199586506879
section_clinical_history,84596,37.856995820318446
recent_bmi,58477,26.168655073345803
section_summary,33814,15.131879245688303
ap_pa,32391,14.495081937868632
section_comparison,10337,4.625842425110309
age,278,0.12440593926484145
section_impression,145,0.06488798990432378
section_narrative,28,0.012530094602214248
patient_report_date_order,0,0.0
deid_patient_id,0,0.0
path_to_dcm,0,0.0
path_to_image,0,0.0
report,0,0.0
frontal_lateral,0,0.0
section_accession_number,0,0.0
sex,0,0.0
ethnicity,0,0.0
race,0,0.0
interpreter_needed,0,0.0
insurance_type,0,0.0
deceased,0,0.0
split,0,0.0
