section,present,present_pct
report,223462,100.0
section_accession_number,223462,100.0
section_impression,223296,99.92571443914402
section_narrative,217922,97.52083128227618
section_comparison,213073,95.35088739919986
section_summary,189648,84.86812075431169
section_clinical_history,138860,62.14031915940965
section_findings,59441,26.600048330364896
section_history,38191,17.090601534041582
section_procedure_comments,25669,11.48696422657991
section_technique,10732,4.80260625967726
section_end_of_impression,7392,3.3079449749845615
